platformId,gameId,champion,queue,season,timestamp,role,lane
KR,4758318885,64,420,13,1604330054317,NONE,JUNGLE
KR,4758080001,64,420,13,1604321575669,NONE,JUNGLE
KR,4757537954,64,420,13,1604308057379,NONE,JUNGLE
KR,4756152547,64,420,13,1604233077276,NONE,JUNGLE
KR,4755546321,64,420,13,1604226697905,NONE,JUNGLE
KR,4748107995,64,420,13,1603960828768,NONE,JUNGLE
KR,4744152493,64,420,13,1603781671413,NONE,JUNGLE
KR,4742500253,64,420,13,1603703713832,NONE,JUNGLE
KR,4742168190,64,420,13,1603693491352,NONE,JUNGLE
KR,4742159411,64,420,13,1603691192252,NONE,JUNGLE
KR,4669599190,64,420,13,1600968875513,NONE,JUNGLE
KR,4668932045,64,420,13,1600943290945,NONE,JUNGLE
KR,4668810801,64,420,13,1600938736957,NONE,JUNGLE
KR,4665455970,64,420,13,1600799091177,NONE,JUNGLE
KR,4662458766,64,420,13,1600696808773,NONE,JUNGLE
KR,4660933260,64,420,13,1600629742829,NONE,JUNGLE
KR,4658383282,64,420,13,1600540901829,NONE,JUNGLE
KR,4658159482,64,420,13,1600532094365,NONE,JUNGLE
KR,4655655968,64,420,13,1600450387744,NONE,JUNGLE
KR,4651946207,64,420,13,1600326317773,NONE,JUNGLE
KR,4651011235,64,420,13,1600269187293,NONE,JUNGLE
KR,4650913342,64,420,13,1600266803266,NONE,JUNGLE
KR,4650801256,64,420,13,1600263649803,NONE,JUNGLE
KR,4633492176,64,420,13,1599590086749,NONE,JUNGLE
KR,4633319621,64,420,13,1599581855573,NONE,JUNGLE
KR,4631099181,64,420,13,1599495643846,NONE,JUNGLE
KR,4629920541,64,420,13,1599464594246,NONE,JUNGLE
KR,4629106507,64,420,13,1599413955411,NONE,JUNGLE
KR,4625963005,64,420,13,1599312008285,NONE,JUNGLE
KR,4622647593,64,420,13,1599207556348,NONE,JUNGLE
KR,4616967917,64,420,13,1598981440261,NONE,JUNGLE
KR,4616577273,64,420,13,1598971801621,NONE,JUNGLE
KR,4609450944,64,420,13,1598700266917,NONE,JUNGLE
KR,4604876381,64,420,13,1598523387447,NONE,JUNGLE
KR,4598325463,64,420,13,1598252521433,NONE,JUNGLE
KR,4592845549,64,420,13,1598029164674,NONE,JUNGLE
KR,4573020600,64,420,13,1597247660047,NONE,JUNGLE
KR,4555960882,64,420,13,1596639156274,NONE,JUNGLE
KR,4555921982,64,420,13,1596636544478,NONE,JUNGLE
KR,4553887990,64,420,13,1596561151958,NONE,JUNGLE
KR,4552028319,64,420,13,1596522008977,NONE,JUNGLE
KR,4544368107,64,420,13,1596213540242,NONE,JUNGLE
KR,4544372229,64,420,13,1596211562306,NONE,JUNGLE
KR,4544335028,64,420,13,1596209447266,NONE,JUNGLE
KR,4542083040,64,420,13,1596126779345,NONE,JUNGLE
KR,4540074459,64,420,13,1596035934806,NONE,JUNGLE
KR,4539141730,64,420,13,1596013953345,NONE,JUNGLE
KR,4537862570,64,420,13,1595958627957,NONE,JUNGLE
KR,4535839528,64,420,13,1595872850368,NONE,JUNGLE
KR,4528467940,64,420,13,1595603972549,NONE,JUNGLE
KR,4528035920,64,420,13,1595599623794,NONE,JUNGLE
KR,4520522751,64,420,13,1595267678975,NONE,JUNGLE
KR,4514179696,64,420,13,1595004753527,NONE,JUNGLE
KR,4509017053,64,420,13,1594744981994,NONE,JUNGLE
KR,4508910315,64,420,13,1594737799621,NONE,JUNGLE
KR,4507272154,64,420,13,1594657341482,NONE,JUNGLE
KR,4503195065,64,420,13,1594494783276,NONE,JUNGLE
KR,4502791368,64,420,13,1594477231220,NONE,JUNGLE
KR,4502690200,64,420,13,1594474405861,NONE,JUNGLE
KR,4502533888,64,420,13,1594472742364,NONE,JUNGLE
KR,4498692977,64,420,13,1594313317441,NONE,JUNGLE
KR,4498628202,64,420,13,1594311028024,NONE,JUNGLE
KR,4498461682,64,420,13,1594304190280,NONE,JUNGLE
KR,4496965859,64,420,13,1594231014461,NONE,JUNGLE
KR,4496386394,64,420,13,1594217420228,NONE,JUNGLE
KR,4494749025,64,420,13,1594140270074,NONE,JUNGLE
KR,4492823203,64,420,13,1594050893423,NONE,JUNGLE
KR,4491147223,64,420,13,1593970300405,NONE,JUNGLE
KR,4491143425,64,420,13,1593967810042,NONE,JUNGLE
KR,4484596745,64,420,13,1593715280852,NONE,JUNGLE
KR,4480575656,64,420,13,1593527093583,NONE,JUNGLE
KR,4478911697,64,420,13,1593446029758,NONE,JUNGLE
KR,4478771421,64,420,13,1593439286761,NONE,JUNGLE
KR,4476545133,64,420,13,1593351144270,NONE,JUNGLE
KR,4470325921,64,420,13,1593108680782,NONE,JUNGLE
KR,4470371078,64,420,13,1593105168010,NONE,JUNGLE
KR,4468569705,64,420,13,1593020886940,NONE,JUNGLE
KR,4468416958,64,420,13,1593013312548,NONE,JUNGLE
KR,4466385623,64,420,13,1592929587778,NONE,JUNGLE
KR,4464408055,64,420,13,1592847467928,NONE,JUNGLE
KR,4456274649,64,420,13,1592502156071,NONE,JUNGLE
KR,4456185422,64,420,13,1592496514604,NONE,JUNGLE
KR,4448956473,64,420,13,1592155865139,NONE,JUNGLE
KR,4448834078,64,420,13,1592149887897,NONE,JUNGLE
KR,4448628377,64,420,13,1592147683134,NONE,JUNGLE
KR,4446420179,64,420,13,1592069157211,NONE,JUNGLE
KR,4446373912,64,420,13,1592066953874,NONE,JUNGLE
KR,4446069318,64,420,13,1592059655257,NONE,JUNGLE
KR,4441819455,64,420,13,1591891325605,NONE,JUNGLE
KR,4436066469,64,420,13,1591632756693,NONE,JUNGLE
KR,4434408444,64,420,13,1591552381007,NONE,JUNGLE
KR,4429689512,64,420,13,1591376698114,NONE,JUNGLE
KR,4428873490,64,420,13,1591357806872,NONE,JUNGLE
KR,4428228448,64,420,13,1591339743601,NONE,JUNGLE
KR,4425852270,64,420,13,1591197453848,NONE,JUNGLE
KR,4425775790,64,420,13,1591195182595,NONE,JUNGLE
KR,4424773215,64,420,13,1591169166092,NONE,JUNGLE
KR,4423982035,64,420,13,1591107420904,NONE,JUNGLE
KR,4413183949,64,420,13,1590681083749,NONE,JUNGLE
KR,4410969345,64,420,13,1590599085000,NONE,JUNGLE
KR,4410511912,64,420,13,1590582344858,NONE,JUNGLE
KR,4410490837,64,420,13,1590579557767,NONE,JUNGLE
KR,4409113025,64,420,13,1590514529637,NONE,JUNGLE
KR,4409065738,64,420,13,1590510523386,NONE,JUNGLE
KR,4408476991,64,420,13,1590497888868,NONE,JUNGLE
KR,4397581855,64,420,13,1590083526329,NONE,JUNGLE
KR,4395118062,64,420,13,1589985939532,NONE,JUNGLE
KR,4394535536,64,420,13,1589977357128,NONE,JUNGLE
KR,4392931315,64,420,13,1589905084527,NONE,JUNGLE
KR,4392746003,64,420,13,1589899997523,NONE,JUNGLE
KR,4379145543,64,420,13,1589456835093,NONE,JUNGLE
KR,4379097545,64,420,13,1589454478925,NONE,JUNGLE
KR,4377445683,64,420,13,1589381604160,NONE,JUNGLE
KR,4371938229,64,420,13,1589193098256,NONE,JUNGLE
KR,4364006121,64,420,13,1588938936402,NONE,JUNGLE
KR,4363890040,64,420,13,1588933827636,NONE,JUNGLE
KR,4363312004,64,420,13,1588911245079,NONE,JUNGLE
KR,4361865996,64,420,13,1588852817614,NONE,JUNGLE
KR,4361599335,64,420,13,1588847288150,NONE,JUNGLE
KR,4361013090,64,420,13,1588830148187,NONE,JUNGLE
KR,4360917275,64,420,13,1588827757050,NONE,JUNGLE
KR,4320957842,64,420,13,1587491689193,NONE,JUNGLE
KR,4320836586,64,420,13,1587486505247,NONE,JUNGLE
KR,4315680817,64,420,13,1587310901577,NONE,JUNGLE
KR,4293921136,64,420,13,1586631513318,NONE,JUNGLE
KR,4293790425,64,420,13,1586625995124,NONE,JUNGLE
KR,4258863620,64,420,13,1585504194208,NONE,JUNGLE
KR,4247333254,64,420,13,1585159258447,NONE,JUNGLE
KR,4247161499,64,420,13,1585150789789,NONE,JUNGLE
KR,4236259120,64,420,13,1584815000536,NONE,JUNGLE
KR,4232129903,64,420,13,1584704782693,NONE,JUNGLE
KR,4231100346,64,420,13,1584683192543,NONE,JUNGLE
KR,4227532963,64,420,13,1584556144707,NONE,JUNGLE
KR,4227386495,64,420,13,1584551406761,NONE,JUNGLE
KR,4225243022,64,420,13,1584469027338,NONE,JUNGLE
KR,4218394521,64,420,13,1584204927263,NONE,JUNGLE
KR,4217420625,64,420,13,1584183883895,NONE,JUNGLE
KR,4215648624,64,420,13,1584110911482,NONE,JUNGLE
KR,4214992975,64,420,13,1584097833159,NONE,JUNGLE
KR,4208873115,64,420,13,1583850960822,NONE,JUNGLE
KR,4208183709,64,420,13,1583833936659,NONE,JUNGLE
KR,4206830119,64,420,13,1583765985636,NONE,JUNGLE
KR,4202328287,64,420,13,1583599134712,NONE,JUNGLE
KR,4195242922,64,420,13,1583334472599,NONE,JUNGLE
KR,4174345259,64,420,13,1582553202027,NONE,JUNGLE
KR,4172440410,64,420,13,1582476585713,NONE,JUNGLE
KR,4172371951,64,420,13,1582473403501,NONE,JUNGLE
KR,4165520459,64,420,13,1582212488238,NONE,JUNGLE
KR,4161089625,64,420,13,1582034120266,NONE,JUNGLE
KR,4152575391,64,420,13,1581696542732,NONE,JUNGLE
KR,4150233255,64,420,13,1581602294073,NONE,JUNGLE
KR,4148198782,64,420,13,1581521850874,NONE,JUNGLE
KR,4146399811,64,420,13,1581445158852,NONE,JUNGLE
KR,4146274849,64,420,13,1581437105737,NONE,JUNGLE
KR,4144265610,64,420,13,1581347818192,NONE,JUNGLE
KR,4144169278,64,420,13,1581346012451,NONE,JUNGLE
KR,4143221698,64,420,13,1581324540803,NONE,JUNGLE
KR,4132407280,64,420,13,1580886115379,NONE,JUNGLE
KR,4129476635,64,420,13,1580752020523,NONE,JUNGLE
KR,4129450549,64,420,13,1580748479918,NONE,JUNGLE
KR,4129230923,64,420,13,1580739469293,NONE,JUNGLE
KR,4118722477,64,420,13,1580316564608,NONE,JUNGLE
KR,4118514129,64,420,13,1580310051229,NONE,JUNGLE
KR,4117470905,64,420,13,1580284269372,NONE,JUNGLE
KR,4116829536,64,420,13,1580237421230,NONE,JUNGLE
KR,4116724349,64,420,13,1580229219513,NONE,JUNGLE
KR,4114241996,64,420,13,1580130767001,NONE,JUNGLE
KR,4111675522,64,420,13,1580045980948,NONE,JUNGLE
KR,4111590787,64,420,13,1580043000935,NONE,JUNGLE
KR,4110995062,64,420,13,1580028540222,NONE,JUNGLE
KR,4103855000,64,420,13,1579753453932,NONE,JUNGLE
KR,4103185314,64,420,13,1579713633765,NONE,JUNGLE
KR,4102981893,64,420,13,1579704440660,NONE,JUNGLE
KR,4101912429,64,420,13,1579682621813,NONE,JUNGLE
KR,4098949441,64,420,13,1579532730380,NONE,JUNGLE
KR,4098719117,64,420,13,1579528307379,NONE,JUNGLE
KR,4092033753,64,420,13,1579280747307,NONE,JUNGLE
KR,4088489111,64,420,13,1579163422189,NONE,JUNGLE
KR,4085272305,64,420,13,1579017684423,NONE,JUNGLE
KR,4084878541,64,420,13,1579006037922,NONE,JUNGLE
KR,4084593299,64,420,13,1578996526560,NONE,JUNGLE
KR,4083955928,64,420,13,1578980449027,NONE,JUNGLE
KR,4083466638,64,420,13,1578932275415,NONE,JUNGLE
KR,4083422433,64,420,13,1578930301032,NONE,JUNGLE
KR,4079259324,64,420,13,1578764883373,NONE,JUNGLE
KR,4079007432,64,420,13,1578755492770,NONE,JUNGLE
KR,4065772811,64,420,13,1578156247810,NONE,JUNGLE
KR,4065490836,64,420,13,1578147200079,NONE,JUNGLE
KR,4065175919,64,420,13,1578139607259,NONE,JUNGLE
KR,4064290437,64,420,13,1578115090091,NONE,JUNGLE
KR,4064162162,64,420,13,1578111004491,NONE,JUNGLE
KR,4063754995,64,420,13,1578073723836,NONE,JUNGLE
KR,4062859449,64,420,13,1578049805128,NONE,JUNGLE
KR,4062135968,64,420,13,1578025819741,NONE,JUNGLE
KR,4050149070,64,420,13,1577466300980,NONE,JUNGLE
KR,4049863562,64,420,13,1577458041344,NONE,JUNGLE
KR,4049755342,64,420,13,1577456131194,NONE,JUNGLE
KR,4049110825,64,420,13,1577430904001,NONE,JUNGLE
KR,4048333518,64,420,13,1577379081845,NONE,JUNGLE
KR,4048227053,64,420,13,1577372737771,NONE,JUNGLE
KR,4048145146,64,420,13,1577369113600,NONE,JUNGLE
KR,4047464696,64,420,13,1577350368157,NONE,JUNGLE
KR,4046769028,64,420,13,1577293735753,NONE,JUNGLE
KR,4046803181,64,420,13,1577291298462,NONE,JUNGLE
KR,4046689712,64,420,13,1577289075676,NONE,JUNGLE
KR,4045277776,64,420,13,1577248057465,NONE,JUNGLE
KR,4044902978,64,420,13,1577208003984,NONE,JUNGLE
KR,4044391743,64,420,13,1577197302968,NONE,JUNGLE
KR,4043090351,64,420,13,1577121291110,NONE,JUNGLE
KR,4042937319,64,420,13,1577115069090,NONE,JUNGLE
KR,4042891847,64,420,13,1577112706024,NONE,JUNGLE
KR,4041477357,64,420,13,1577034987756,NONE,JUNGLE
KR,4041308378,64,420,13,1577026417281,NONE,JUNGLE
KR,4040258119,64,420,13,1577000802453,NONE,JUNGLE
KR,4039469731,64,420,13,1576946885924,NONE,JUNGLE
KR,4036989876,64,420,13,1576851754570,NONE,JUNGLE
KR,4034465254,64,420,13,1576739756412,NONE,JUNGLE
KR,4033186825,64,420,13,1576666300644,NONE,JUNGLE
KR,4032661045,64,420,13,1576646047909,NONE,JUNGLE
KR,4032397682,64,420,13,1576642388306,NONE,JUNGLE
KR,4030590044,64,420,13,1576512437948,NONE,JUNGLE
KR,4026762318,64,420,13,1576341907001,NONE,JUNGLE
KR,4023942071,64,420,13,1576241066435,NONE,JUNGLE
KR,4022869616,64,420,13,1576213828263,NONE,JUNGLE
KR,4018815233,64,420,13,1575987483525,NONE,JUNGLE
KR,4018668027,64,420,13,1575985761706,NONE,JUNGLE
KR,4018167366,64,420,13,1575973050056,NONE,JUNGLE
KR,4017932788,64,420,13,1575958353335,NONE,JUNGLE
KR,4007641955,64,420,13,1575391006708,NONE,JUNGLE
KR,4007578316,64,420,13,1575389035611,NONE,JUNGLE
KR,4007544605,64,420,13,1575386819427,NONE,JUNGLE
KR,4006957971,64,420,13,1575375074848,NONE,JUNGLE
KR,4006864640,64,420,13,1575371172769,NONE,JUNGLE
KR,4006798368,64,420,13,1575369148268,NONE,JUNGLE
KR,4006773533,64,420,13,1575366953645,NONE,JUNGLE
KR,4006245980,64,420,13,1575304300853,NONE,JUNGLE
KR,4006028775,64,420,13,1575295960530,NONE,JUNGLE
KR,4005775999,64,420,13,1575289722545,NONE,JUNGLE
KR,4004882160,64,420,13,1575218747470,NONE,JUNGLE
KR,4002669605,64,420,13,1575132514280,NONE,JUNGLE
KR,4001930049,64,420,13,1575104070346,NONE,JUNGLE
KR,4001750751,64,420,13,1575101077343,NONE,JUNGLE
KR,4000745093,64,420,13,1575042056822,NONE,JUNGLE
KR,3999915450,64,420,13,1575022726559,NONE,JUNGLE
KR,3998623664,64,420,13,1574942900180,NONE,JUNGLE
KR,3997876008,64,420,13,1574874302094,NONE,JUNGLE
KR,3997813590,64,420,13,1574872346719,NONE,JUNGLE
KR,3995009895,64,420,13,1574749320800,NONE,JUNGLE
KR,3987205908,64,420,13,1574346337532,NONE,JUNGLE
KR,3981579235,64,420,13,1574058458471,NONE,JUNGLE
KR,3981114776,64,420,13,1574010838761,NONE,JUNGLE
KR,3980498522,64,420,13,1573993812638,NONE,JUNGLE
KR,3980128947,64,420,13,1573982691553,NONE,JUNGLE
KR,3978948685,64,420,13,1573928068335,NONE,JUNGLE
KR,3978876823,64,420,13,1573923261887,NONE,JUNGLE
KR,3978643546,64,420,13,1573914600524,NONE,JUNGLE
KR,3976605466,64,420,13,1573836961200,NONE,JUNGLE
KR,3974225539,64,420,13,1573731856527,NONE,JUNGLE
KR,3972822852,64,420,13,1573656285091,NONE,JUNGLE
KR,3972573446,64,420,13,1573649061625,NONE,JUNGLE
KR,3971989526,64,420,13,1573640093617,NONE,JUNGLE
KR,3971101139,64,420,13,1573581402579,NONE,JUNGLE
KR,3970473836,64,420,13,1573559020598,NONE,JUNGLE
KR,3970052959,64,420,13,1573539706696,NONE,JUNGLE
KR,3969922504,64,420,13,1573532824999,NONE,JUNGLE
KR,3968247564,64,420,13,1573451681673,NONE,JUNGLE
KR,3957642398,64,420,13,1572948802125,NONE,JUNGLE
KR,3898889787,64,420,13,1570282498623,NONE,JUNGLE
KR,3898071214,64,420,13,1570258038305,NONE,JUNGLE
KR,3897088755,64,420,13,1570206406909,NONE,JUNGLE
KR,3895146409,64,420,13,1570115532041,NONE,JUNGLE
KR,3893362205,64,420,13,1570040610447,NONE,JUNGLE
KR,3893180735,64,420,13,1570032360180,NONE,JUNGLE
KR,3893036281,64,420,13,1570028603520,NONE,JUNGLE
KR,3890929364,64,420,13,1569943862083,NONE,JUNGLE
KR,3889478844,64,420,13,1569857985562,NONE,JUNGLE
KR,3888627632,64,420,13,1569835527896,NONE,JUNGLE
KR,3885333457,64,420,13,1569672088718,NONE,JUNGLE
KR,3885225148,64,420,13,1569669717682,NONE,JUNGLE
KR,3884668465,64,420,13,1569650619844,NONE,JUNGLE
KR,3883236058,64,420,13,1569583736751,NONE,JUNGLE
KR,3882575542,64,420,13,1569565766556,NONE,JUNGLE
KR,3882551777,64,420,13,1569562975317,NONE,JUNGLE
KR,3882456848,64,420,13,1569559767928,NONE,JUNGLE
KR,3882208070,64,420,13,1569515877986,NONE,JUNGLE
KR,3882102085,64,420,13,1569507730724,NONE,JUNGLE
KR,3881680945,64,420,13,1569490263889,NONE,JUNGLE
KR,3881451139,64,420,13,1569478592340,NONE,JUNGLE
KR,3880904104,64,420,13,1569430797883,NONE,JUNGLE
KR,3880121220,64,420,13,1569392848478,NONE,JUNGLE
KR,3879366332,64,420,13,1569338332733,NONE,JUNGLE
KR,3879296284,64,420,13,1569335315595,NONE,JUNGLE
KR,3878129569,64,420,13,1569261807467,NONE,JUNGLE
KR,3878074876,64,420,13,1569254444193,NONE,JUNGLE
KR,3877710452,64,420,13,1569238710456,NONE,JUNGLE
KR,3876856876,64,420,13,1569169736862,NONE,JUNGLE
KR,3874307955,64,420,13,1569072447457,NONE,JUNGLE
KR,3874234645,64,420,13,1569069793265,NONE,JUNGLE
KR,3869685058,64,420,13,1568821230381,NONE,JUNGLE
KR,3868320948,64,420,13,1568737941901,NONE,JUNGLE
KR,3867868769,64,420,13,1568720220379,NONE,JUNGLE
KR,3867799286,64,420,13,1568718002771,NONE,JUNGLE
KR,3867498380,64,420,13,1568700790314,NONE,JUNGLE
KR,3867098816,64,420,13,1568657476188,NONE,JUNGLE
KR,3866824618,64,420,13,1568646341819,NONE,JUNGLE
KR,3866397307,64,420,13,1568631703878,NONE,JUNGLE
KR,3866077050,64,420,13,1568613069186,NONE,JUNGLE
KR,3865992366,64,420,13,1568604489977,NONE,JUNGLE
KR,3856168390,64,420,13,1568183261533,NONE,JUNGLE
KR,3856150884,64,420,13,1568180477141,NONE,JUNGLE
KR,3856086285,64,420,13,1568178495865,NONE,JUNGLE
KR,3856046237,64,420,13,1568173059869,NONE,JUNGLE
KR,3854778697,64,420,13,1568115123683,NONE,JUNGLE
KR,3853082104,64,420,13,1568007788646,NONE,JUNGLE
KR,3850569326,64,420,13,1567867817446,NONE,JUNGLE
KR,3848031671,64,420,13,1567778701412,NONE,JUNGLE
KR,3842469629,64,420,13,1567434133649,NONE,JUNGLE
KR,3833862275,64,420,13,1567012635432,NONE,JUNGLE
KR,3820148242,64,420,13,1566292488866,NONE,JUNGLE
KR,3817662153,64,420,13,1566138397210,NONE,JUNGLE
KR,3812080526,64,420,13,1565882933743,NONE,JUNGLE
KR,3811925684,64,420,13,1565879429791,NONE,JUNGLE
KR,3810288689,64,420,13,1565806639549,NONE,JUNGLE
KR,3810272447,64,420,13,1565804166040,NONE,JUNGLE
KR,3809884386,64,420,13,1565791464467,NONE,JUNGLE
KR,3807914151,64,420,13,1565712399950,NONE,JUNGLE
KR,3807273528,64,420,13,1565688126583,NONE,JUNGLE
KR,3804495824,64,420,13,1565537300212,NONE,JUNGLE
KR,3803952128,64,420,13,1565520818509,NONE,JUNGLE
KR,3802862332,64,420,13,1565460976569,NONE,JUNGLE
KR,3802299318,64,420,13,1565447985194,NONE,JUNGLE
KR,3798882720,64,420,13,1565287948537,NONE,JUNGLE
KR,3796905740,64,420,13,1565190072764,NONE,JUNGLE
KR,3795852571,64,420,13,1565148627068,NONE,JUNGLE
KR,3793404803,64,420,13,1565020825165,NONE,JUNGLE
KR,3784281726,64,420,13,1564594138043,NONE,JUNGLE
KR,3783599300,64,420,13,1564579030172,NONE,JUNGLE
KR,3783489486,64,420,13,1564577047312,NONE,JUNGLE
KR,3782261296,64,420,13,1564510216694,NONE,JUNGLE
KR,3780794949,64,420,13,1564462755835,NONE,JUNGLE
KR,3780433477,64,420,13,1564419520736,NONE,JUNGLE
KR,3776697847,64,420,13,1564248152102,NONE,JUNGLE
KR,3776619366,64,420,13,1564245544678,NONE,JUNGLE
KR,3769411560,64,420,13,1563905506293,NONE,JUNGLE
KR,3767416542,64,420,13,1563809542753,NONE,JUNGLE
KR,3765649417,64,420,13,1563724806866,NONE,JUNGLE
KR,3758847063,64,420,13,1563458259717,NONE,JUNGLE
KR,3755524602,64,420,13,1563287388223,NONE,JUNGLE
KR,3752367431,64,420,13,1563113308860,NONE,JUNGLE
KR,3745356661,64,420,13,1562780502960,NONE,JUNGLE
KR,3743819685,64,420,13,1562697741877,NONE,JUNGLE
KR,3743737966,64,420,13,1562691377911,NONE,JUNGLE
KR,3742180628,64,420,13,1562606081940,NONE,JUNGLE
KR,3738362259,64,420,13,1562427487328,NONE,JUNGLE
KR,3729101398,64,420,13,1561986061873,NONE,JUNGLE
KR,3725754608,64,420,13,1561818664884,NONE,JUNGLE
KR,3724050709,64,420,13,1561742161714,NONE,JUNGLE
KR,3721540572,64,420,13,1561575114800,NONE,JUNGLE
KR,3721437412,64,420,13,1561566736055,NONE,JUNGLE
KR,3719895913,64,420,13,1561476816425,NONE,JUNGLE
KR,3713241915,64,420,13,1561042764512,NONE,JUNGLE
KR,3712123694,64,420,13,1560966620321,NONE,JUNGLE
KR,3712099973,64,420,13,1560964951022,NONE,JUNGLE
KR,3709981989,64,420,13,1560790905634,NONE,JUNGLE
KR,3709816920,64,420,13,1560781140212,NONE,JUNGLE
KR,3708986893,64,420,13,1560748872511,NONE,JUNGLE
KR,3708803210,64,420,13,1560705685634,NONE,JUNGLE
KR,3708743232,64,420,13,1560700659121,NONE,JUNGLE
KR,3708368214,64,420,13,1560685171844,NONE,JUNGLE
KR,3707287179,64,420,13,1560627588620,NONE,JUNGLE
KR,3705681070,64,420,13,1560539283018,NONE,JUNGLE
KR,3705048070,64,420,13,1560522380996,NONE,JUNGLE
KR,3704600626,64,420,13,1560502001840,NONE,JUNGLE
KR,3701434538,64,420,13,1560263811019,NONE,JUNGLE
KR,3700548970,64,420,13,1560223263380,NONE,JUNGLE
KR,3700340126,64,420,13,1560176703076,NONE,JUNGLE
KR,3692098917,64,420,13,1559743138279,NONE,JUNGLE
KR,3691187705,64,420,13,1559666595345,NONE,JUNGLE
KR,3691116048,64,420,13,1559660611805,NONE,JUNGLE
KR,3689104339,64,420,13,1559541771145,NONE,JUNGLE
KR,3689062927,64,420,13,1559540059439,NONE,JUNGLE
KR,3688897874,64,420,13,1559500708553,NONE,JUNGLE
KR,3688812878,64,420,13,1559490453561,NONE,JUNGLE
KR,3687026168,64,420,13,1559400472245,NONE,JUNGLE
KR,3685280078,64,420,13,1559323213295,NONE,JUNGLE
KR,3684986143,64,420,13,1559313224505,NONE,JUNGLE
KR,3682206528,64,420,13,1559131169489,NONE,JUNGLE
KR,3681276991,64,420,13,1559055785098,NONE,JUNGLE
KR,3681055407,64,420,13,1559046351903,NONE,JUNGLE
KR,3675592715,64,420,13,1558715016311,NONE,JUNGLE
KR,3674453356,64,420,13,1558668279160,NONE,JUNGLE
KR,3670207765,64,420,13,1558358277143,NONE,JUNGLE
KR,3670129772,64,420,13,1558356067766,NONE,JUNGLE
KR,3648531169,64,420,13,1557045875968,NONE,JUNGLE
KR,3647554243,64,420,13,1556988749937,NONE,JUNGLE
KR,3646006036,64,420,13,1556910461611,NONE,JUNGLE
KR,3643380245,64,420,13,1556732235465,NONE,JUNGLE
KR,3643297214,64,420,13,1556729584467,NONE,JUNGLE
KR,3640547969,64,420,13,1556594586490,NONE,JUNGLE
KR,3640196852,64,420,13,1556543861813,NONE,JUNGLE
KR,3630943741,64,420,13,1555859378342,NONE,JUNGLE
KR,3630786023,64,420,13,1555852602406,NONE,JUNGLE
KR,3629993650,64,420,13,1555824000048,NONE,JUNGLE
KR,3628920890,64,420,13,1555758740092,NONE,JUNGLE
KR,3628184051,64,420,13,1555695437770,NONE,JUNGLE
KR,3625756022,64,420,13,1555506584208,NONE,JUNGLE
KR,3623132244,64,420,13,1555257590249,NONE,JUNGLE
KR,3619843267,64,420,13,1555077819074,NONE,JUNGLE
KR,3610902825,64,420,13,1554400710842,NONE,JUNGLE
KR,3609894350,64,420,13,1554313730099,NONE,JUNGLE
KR,3609852501,64,420,13,1554311603425,NONE,JUNGLE
KR,3609760285,64,420,13,1554299563204,NONE,JUNGLE
KR,3608722175,64,420,13,1554222056458,NONE,JUNGLE
KR,3608502660,64,420,13,1554216481768,NONE,JUNGLE
KR,3603512651,64,420,13,1553883373360,NONE,JUNGLE
KR,3602501036,64,420,13,1553792447313,NONE,JUNGLE
KR,3600162914,64,420,13,1553615337873,NONE,JUNGLE
KR,3598097145,64,420,13,1553450298023,NONE,JUNGLE
KR,3598071559,64,420,13,1553445077949,NONE,JUNGLE
KR,3597844514,64,420,13,1553437909487,NONE,JUNGLE
KR,3594936396,64,420,13,1553278036475,NONE,JUNGLE
KR,3592495561,64,420,13,1553096965561,NONE,JUNGLE
KR,3585944289,64,420,13,1552670513317,NONE,JUNGLE
KR,3584893597,64,420,13,1552580396672,NONE,JUNGLE
KR,3583845526,64,420,13,1552505093083,NONE,JUNGLE
KR,3581484832,64,420,13,1552318750680,NONE,JUNGLE
KR,3580851632,64,420,13,1552275002591,NONE,JUNGLE
KR,3575920686,64,420,13,1551983891942,NONE,JUNGLE
KR,3574528366,64,420,13,1551882059523,NONE,JUNGLE
KR,3573577411,64,420,13,1551806114981,NONE,JUNGLE
KR,3572697768,64,420,13,1551720868508,NONE,JUNGLE
KR,3564820499,64,420,13,1551278210059,NONE,JUNGLE
KR,3563402473,64,420,13,1551197975836,NONE,JUNGLE
KR,3556962981,64,420,13,1550851112730,NONE,JUNGLE
KR,3552794409,64,420,13,1550600851709,NONE,JUNGLE
KR,3549633673,64,420,13,1550418063236,NONE,JUNGLE
KR,3544671152,64,420,13,1550165094886,NONE,JUNGLE
KR,3544637048,64,420,13,1550163435321,NONE,JUNGLE
KR,3540237639,64,420,13,1549906748995,NONE,JUNGLE
KR,3538534558,64,420,13,1549809154290,NONE,JUNGLE
KR,3536571879,64,420,13,1549718862564,NONE,JUNGLE
KR,3535106871,64,420,13,1549646717636,NONE,JUNGLE
KR,3535060275,64,420,13,1549642747762,NONE,JUNGLE
KR,3533455985,64,420,13,1549563143425,NONE,JUNGLE
KR,3533439980,64,420,13,1549560907376,NONE,JUNGLE
KR,3533289750,64,420,13,1549552358906,NONE,JUNGLE
KR,3522900911,64,420,13,1549036973443,NONE,JUNGLE
KR,3522689332,64,420,13,1549031439571,NONE,JUNGLE
KR,3517637857,64,420,13,1548786574335,NONE,JUNGLE
KR,3494815120,64,420,12,1547360960550,NONE,JUNGLE
KR,3492138023,64,420,12,1547187663755,NONE,JUNGLE
KR,3491464956,64,420,12,1547132904569,NONE,JUNGLE
KR,3489236723,64,420,12,1546966582547,NONE,JUNGLE
KR,3488085015,64,420,12,1546880456665,NONE,JUNGLE
KR,3487734977,64,420,12,1546863798719,NONE,JUNGLE
KR,3487388966,64,420,12,1546854361896,NONE,JUNGLE
KR,3487383925,64,420,12,1546852569149,NONE,JUNGLE
KR,3487299218,64,420,12,1546850046243,NONE,JUNGLE
KR,3484133594,64,420,12,1546624311025,NONE,JUNGLE
KR,3481877383,64,420,12,1546487907318,NONE,JUNGLE
KR,3481558093,64,420,12,1546438611256,NONE,JUNGLE
KR,3480529912,64,420,12,1546364855438,NONE,JUNGLE
KR,3480517736,64,420,12,1546363281086,NONE,JUNGLE
KR,3478105421,64,420,12,1546235010467,NONE,JUNGLE
KR,3476203192,64,420,12,1546092405858,NONE,JUNGLE
KR,3472775487,64,420,12,1545888691410,NONE,JUNGLE
KR,3471449503,64,420,12,1545760049309,NONE,JUNGLE
KR,3467472557,64,420,12,1545498351356,NONE,JUNGLE
KR,3466070178,64,420,12,1545414970750,NONE,JUNGLE
KR,3465904309,64,420,12,1545406067544,NONE,JUNGLE
KR,3465531976,64,420,12,1545398475280,NONE,JUNGLE
KR,3463794348,64,420,12,1545242784356,NONE,JUNGLE
KR,3462609931,64,420,12,1545148991802,NONE,JUNGLE
KR,3462624682,64,420,12,1545147069167,NONE,JUNGLE
KR,3461569801,64,420,12,1545069772549,NONE,JUNGLE
KR,3457577438,64,420,12,1544802349876,NONE,JUNGLE
KR,3456477725,64,420,12,1544726025651,NONE,JUNGLE
KR,3456299000,64,420,12,1544711642612,NONE,JUNGLE
KR,3455343482,64,420,12,1544634381254,NONE,JUNGLE
KR,3455281641,64,420,12,1544628481271,NONE,JUNGLE
KR,3454157050,64,420,12,1544539274674,NONE,JUNGLE
KR,3453425831,64,420,12,1544462445114,NONE,JUNGLE
KR,3450409233,64,420,12,1544275724994,NONE,JUNGLE
KR,3449148922,64,420,12,1544200825849,NONE,JUNGLE
KR,3449119614,64,420,12,1544198402350,NONE,JUNGLE
KR,3449112139,64,420,12,1544196499409,NONE,JUNGLE
KR,3448984280,64,420,12,1544192153248,NONE,JUNGLE
KR,3448721651,64,420,12,1544178741420,NONE,JUNGLE
KR,3448625974,64,420,12,1544173785748,NONE,JUNGLE
KR,3448402089,64,420,12,1544157155703,NONE,JUNGLE
KR,3447973561,64,420,12,1544118600906,NONE,JUNGLE
KR,3446887561,64,420,12,1544031250842,NONE,JUNGLE
KR,3445804795,64,420,12,1543939751496,NONE,JUNGLE
KR,3443883202,64,420,12,1543816512309,NONE,JUNGLE
KR,3443878624,64,420,12,1543814542626,NONE,JUNGLE
KR,3443854546,64,420,12,1543811900899,NONE,JUNGLE
KR,3443426083,64,420,12,1543751984951,NONE,JUNGLE
KR,3440020299,64,420,12,1543557160738,NONE,JUNGLE
KR,3439744878,64,420,12,1543503513546,NONE,JUNGLE
KR,3439651500,64,420,12,1543496967837,NONE,JUNGLE
KR,3439544205,64,420,12,1543492486991,NONE,JUNGLE
KR,3438955071,64,420,12,1543469606215,NONE,JUNGLE
KR,3438922201,64,420,12,1543467768462,NONE,JUNGLE
KR,3438812166,64,420,12,1543426603439,NONE,JUNGLE
KR,3438714681,64,420,12,1543417495915,NONE,JUNGLE
KR,3438710192,64,420,12,1543415919686,NONE,JUNGLE
KR,3438500086,64,420,12,1543405440349,NONE,JUNGLE
KR,3438204124,64,420,12,1543385577999,NONE,JUNGLE
KR,3438200172,64,420,12,1543383409233,NONE,JUNGLE
KR,3438137174,64,420,12,1543381688750,NONE,JUNGLE
KR,3437726389,64,420,12,1543339177922,NONE,JUNGLE
KR,3437614694,64,420,12,1543329024233,NONE,JUNGLE
KR,3436829675,64,420,12,1543296815635,NONE,JUNGLE
KR,3436802646,64,420,12,1543290914675,NONE,JUNGLE
KR,3436469241,64,420,12,1543238080746,NONE,JUNGLE
KR,3436306475,64,420,12,1543229261448,NONE,JUNGLE
KR,3436131617,64,420,12,1543211873027,NONE,JUNGLE
KR,3434837338,64,420,12,1543122169501,NONE,JUNGLE
KR,3432455664,64,420,12,1542973849243,NONE,JUNGLE
KR,3430594315,64,420,12,1542822782724,NONE,JUNGLE
KR,3420476831,64,420,12,1542113321062,NONE,JUNGLE
KR,3419108414,64,420,11,1542007670086,NONE,JUNGLE
KR,3413663021,64,420,11,1541669458685,NONE,JUNGLE
